STATEFIP,headcount,income_censored_hc,fam_emp_censored_hc,health_censored_hc,education_censored_hc,overcrowd_censored_hc,computer_internet_censored_hc,disability_censored_hc,lang_dep_censored_hc,hcost_dep_censored_hc,mpi_poor_hc,n,income_per,fam_emp_per,health_per,education_per,overcrowd_per,computer_internet_per,disability_per,lang_dep_per,hcost_dep_per,intensity,adj_hc,per_contrib_income,per_contrib_fam_emp,per_contrib_health,per_contrib_education,per_contrib_overcrowd,per_contrib_computer_internet,per_contrib_disability,per_contrib_lang_dep,per_contrib_hcost_dep,State,Medicaid_Expansion,per_contrib_econ,per_contrib_health_dim,per_contrib_housing,per_contrib_social
1,0.1813520906346786,584250,390815,291507,449532,120252,488014,189106,41236,387460,881186,4858979,0.2082814105597081,0.11287988690628216,0.1073643248921224,0.11618016871445627,0.031048086439558597,0.21280725847961063,0.07201698134525793,0.013628171679688264,0.1488716045078606,0.3409318973374071,0.06182871234618639,0.19447487322874366,0.13008762957790576,0.09703172763421715,0.29926462545918214,0.040027372623881695,0.16244152466213455,0.0629462822024729,0.013725915057698712,0.12897087613386224,Alabama,0,0.32456250280664944,0.15997800983669005,0.16899824875774394,0.17616743971983326
2,0.11798919873461605,48780,26856,35475,38741,23231,30384,17618,8125,41112,87127,738432,0.12106192581036575,0.0577751235049402,0.1455381131911943,0.07364794591783672,0.07365877968452071,0.09624176633732016,0.05214698171260184,0.024317743543075056,0.1550379723522274,0.30754089437025534,0.03628650370487362,0.18204810497303958,0.10022722236892068,0.13239353267565765,0.2891646426716083,0.08669863728226081,0.11339380117877891,0.06575078953290307,0.030322690711479017,0.15343094898834775,Alaska,NA,0.28227532734196026,0.1981443222085607,0.24012958627060854,0.14371649189025792
4,0.16809139924707805,776472,410668,388739,557198,209318,515535,170007,184073,576234,1147739,6828065,0.1908446975826973,0.09489877439655305,0.11605381612506618,0.11214289846391327,0.042391951453303385,0.14583765678856309,0.050509331706713394,0.04096533937506453,0.1782459598729655,0.32840290155217866,0.055201703238706136,0.20600401020071524,0.10895338770890298,0.10313545487978425,0.2956578536658582,0.05553367978136148,0.1367754116037999,0.045104168292215294,0.048835986577334733,0.15287932444956023,Arizona,1,0.3149573979096182,0.14823962317199954,0.2084130042309217,0.18561139818113465
5,0.1804134303761596,367774,236897,150439,259892,87996,282677,119075,41065,232628,537308,2978204,0.21788601452418974,0.11737980339828971,0.09862957675162615,0.11343245795116788,0.03889491787668004,0.2148556646891885,0.07293187437798082,0.022738872152478475,0.1454238863422385,0.3360655611723419,0.0606307407223913,0.20367311550603945,0.131193477635815,0.08331306678452818,0.2878562015536476,0.048732154725645224,0.15654642598960425,0.06594369430378887,0.02274178296523275,0.12882930689482927,Arkansas,1,0.3348665931418544,0.14925676108831704,0.17756146162047448,0.179288208954837
6,0.17692252394684782,3980909,2028804,1840783,3782363,1418254,2744499,1110217,2058085,3937588,6925600,39144818,0.16793589383912833,0.07193623942765554,0.087227688732644,0.13114458726056666,0.05887185374064072,0.12207973479401539,0.050061849821348,0.08887641270933996,0.24226238579011913,0.3284376406703013,0.05810801634653758,0.17501364982061796,0.08919279310596373,0.08092678113409439,0.3325698495376116,0.06235103814548151,0.12065706272588397,0.0488087342018863,0.09048008067782169,0.17310911838724957,California,1,0.2642064429265817,0.12973551533598068,0.23546015653273109,0.21113714340370565
8,0.11204796269600668,386948,234622,186560,269585,117757,252544,110531,104287,321455,611398,5456574,0.13236932184920427,0.06882120539371407,0.08160505108150279,0.070979885913762,0.029526219199079863,0.1027785933078155,0.041626485776606346,0.031127956846182237,0.17216260606013956,0.3160656678894282,0.035414514165163086,0.20024019921462452,0.12141361635189646,0.09654220093004834,0.2790129635262338,0.060937606962476965,0.13068800167065894,0.05719825263185664,0.05396706962045429,0.1663484841336229,Colorado,1,0.32165381556652095,0.15374045356190497,0.22728609109609987,0.18465507129111325
9,0.1293279708684709,287710,219811,97946,206365,94549,181906,108098,98624,255503,464402,3590886,0.128515915013732,0.0844320872341812,0.060193500991120294,0.07944167539710255,0.03789092719735464,0.0994612471685261,0.053069353914326434,0.04817668954124414,0.1909985446488694,0.3232919304823288,0.041810689367430334,0.19163110817074044,0.14640653963407121,0.06523756741472785,0.2749014885659508,0.06297497357212241,0.12115966898233191,0.07199937274005318,0.06568915370418514,0.17017942730857008,Connecticut,1,0.33803764780481166,0.13723694015478102,0.2331544008806925,0.18684882268651704
10,0.13487727473586952,87025,56225,29531,56878,25233,58716,22977,16330,64777,127585,945934,0.15637031759086786,0.08663817983072815,0.062105812879122646,0.0859076848913349,0.03332156366088966,0.1362092915573391,0.045865779219268994,0.02335892356126326,0.17444557442696848,0.32119228314110154,0.04332153981626355,0.2123632247358429,0.13720335892873045,0.07206318172564409,0.27759369138811313,0.061574964088015216,0.14328203508864987,0.05606974794318256,0.039849370410069695,0.15807242296712087,Delaware,1,0.3495665836645734,0.12813292966882667,0.2196473870551361,0.18313140549871956
11,0.16353528862231267,78750,54128,12214,42070,28922,54955,17990,15685,58615,109933,672228,0.20581409878791124,0.10112491595113562,0.03721058926435673,0.07705718892994638,0.07353011180730347,0.14437958549777755,0.04365780657753024,0.03256633166128159,0.24784894410824898,0.3154505451947496,0.051587295954489264,0.2270864391577058,0.15608552099972445,0.035220746258694834,0.2426292443267221,0.08340055864532275,0.15847028906554567,0.05187663543424923,0.04522985140556972,0.16902440166639904,District of Columbia,1,0.38317196015743027,0.08709738169294406,0.2524249603117218,0.2037001404711154
12,0.17291401348667218,2214396,1371832,1335522,1585516,483911,1514574,598480,782015,1999820,3505187,20271272,0.17309865902840235,0.1050687396429785,0.13833512766243775,0.10197026609874309,0.0312941881496139,0.1424423686880626,0.05691068621643477,0.06503908585509582,0.21078677253208383,0.32727960621749347,0.05659123024340443,0.1930301517161703,0.11958337130716337,0.11641820807131298,0.27642065288088985,0.04218279555559335,0.1320262721777708,0.052169840082394295,0.06816868983430285,0.17432544043840023,Florida,0,0.3126135230233337,0.16858804815370726,0.21650823599399358,0.20019496201207365
13,0.1739893645140511,1178336,652251,774094,862253,279729,879294,276111,215876,907958,1777277,10214860,0.19186841523036047,0.08762107361236474,0.14467090102066987,0.10867226765711914,0.036830852307324816,0.16314770833863607,0.05117407384927449,0.03585384430134138,0.17912433454790375,0.3364808737818773,0.05854409340044146,0.19703965683829525,0.10906847725303724,0.12944288905760606,0.2883694213327787,0.046775882403422696,0.14703428225902626,0.04617088562963241,0.036098475273286926,0.15182743525071363,Georgia,0,0.3061081340913325,0.1756137746872385,0.19860331765413633,0.18313275753231317
15,0.11128643904769689,96940,61685,24265,71826,46022,62228,40185,40806,81400,159318,1431603,0.12779101468773116,0.058574898208511715,0.038583322331679944,0.07184533701033038,0.07819695823492966,0.10068154369612246,0.05271712898059029,0.05500617140366428,0.2160270689569664,0.3237444708238046,0.036028369319362215,0.1879471781705135,0.11959481829428642,0.047044958513590994,0.27851235855736134,0.08922740905470777,0.12064758616870966,0.07791063910441598,0.07911463330334201,0.1578182412118816,Hawaii,1,0.30754199646479996,0.12495559761800698,0.24704565026658937,0.19976221947205167
16,0.12759633337965956,138363,79937,88018,93066,29e3,88413,44225,19001,105818,211163,1654930,0.15621264947762142,0.08066866876544627,0.11658076172406083,0.08463862519864888,0.023530300375242456,0.12907313300260434,0.055590266657804255,0.019045518541569734,0.1465252306744092,0.31875335476633254,0.04067175932064986,0.2055641525558509,0.11876138608484242,0.13076722519503686,0.27653394941946646,0.04308493183957905,0.131354071680438,0.06570452105535805,0.028229544478753157,0.1572124592207095,Idaho,0,0.3243255386406933,0.19647174625039493,0.20029739106028854,0.15958361615919114
17,0.1401251711217617,1148876,745599,459041,829759,332029,827236,360724,332105,958548,1802009,12859995,0.15636950092126786,0.08248984544706277,0.07251931279911072,0.0897516678661228,0.03585724566766939,0.1341166151308768,0.05135103085187825,0.04557116857354921,0.17293358201150155,0.32547718534888465,0.04560754629324181,0.19588250522841733,0.12712407606721937,0.07826614976947721,0.28294658719622706,0.05661069804616527,0.14104312397085064,0.06150317424684265,0.05662365598975305,0.16343172250241883,Illinois,1,0.3230065812956367,0.13976932401631986,0.22004242054858408,0.1976667799606037
18,0.15019336282116355,662032,396959,321095,461653,180283,498440,215708,71622,470820,994232,6619680,0.1749160080245571,0.08748867014719745,0.10209949725666498,0.09335043385782998,0.035609123099606024,0.1681667391777246,0.06072211949822348,0.017508550262248325,0.14322656080052207,0.3288412707724717,0.04938977629170233,0.20249062791940645,0.1214147913820777,0.09821085411548357,0.2824044935920854,0.05514177241159695,0.15245400309977303,0.06597694426740598,0.021906469404566135,0.14400608646865248,Indiana,1,0.32390541930148414,0.16418779838288955,0.19914785888024944,0.17436047250433917
19,0.11192775438642542,243002,166523,77110,137524,81716,155152,81611,34627,159144,349651,3123899,0.15567084595244596,0.08782230155328326,0.0501844009681491,0.0636790754118491,0.03715517050967397,0.14204876662145607,0.049844121080739164,0.019967675011259966,0.1260885835297492,0.3188290970392144,0.03568582486465099,0.21798023887496243,0.14937623278069875,0.06917003242626954,0.24672648267125644,0.07330175554072159,0.1391760974063101,0.07320756732382677,0.03106147987063202,0.1427570437095868,Iowa,1,0.3673564716556612,0.1423775997500963,0.2160587992503084,0.1702375772769421
20,0.1265887518413156,237709,150684,143431,165002,79063,158478,77593,46874,163695,368581,2911641,0.1524611035495104,0.08152241296231232,0.09475859146096652,0.0792944597221979,0.03552017573595096,0.1378775748795954,0.050303935134860374,0.029372439802846574,0.12527093827844848,0.3320399383774363,0.042032521360667006,0.1942327041109159,0.12312432758645762,0.11719788053179636,0.2696472127156258,0.06460260354097382,0.12949282728920541,0.06340146233452792,0.03830087953125491,0.13375565291779604,Kansas,0,0.3173570316973735,0.18059934286632429,0.19835825645876987,0.16779370682046033
21,0.16454347163855576,483818,361908,137835,396353,118755,386223,181758,35060,295898,728120,4425092,0.20506511503037678,0.11667531432114858,0.06527683492230218,0.11471625900659241,0.03648376124157419,0.17821550376805725,0.0734746305839517,0.013857564995258856,0.14010488369507346,0.3430839889173328,0.056452230600061735,0.19367725027946509,0.14487544137287298,0.055176747852023006,0.31732824814296623,0.04753883042164176,0.1546089823749547,0.07275957003727644,0.01403487343339447,0.1184509691726913,Kentucky,1,0.33855269165233803,0.12793631788929943,0.16598979959433305,0.16864385580834917
22,0.1893445213204634,606446,377620,320126,437159,135053,493427,173354,46104,414599,884376,4670724,0.2154402615097788,0.10849238790388814,0.12873378945105726,0.1190462121075876,0.034809378588844045,0.2099740853880469,0.06289924217316202,0.017510133332648215,0.16668122543742683,0.3422128333063342,0.06479612511210738,0.20038208705388894,0.12477332476970669,0.10577613835397258,0.2888924415179292,0.04462425673990572,0.16303831185091378,0.05727968577439684,0.015233698864420733,0.13699193812879515,Louisiana,0,0.32515541182359564,0.16305582412836941,0.18161619486870087,0.1782720107153345
23,0.12192927554373338,111007,92360,36513,66030,28298,73646,50814,4795,78782,162084,1329328,0.1499088261136454,0.10743322942118123,0.0858080172839209,0.06755518577807734,0.029786478581659306,0.12640747806410457,0.07106522995077212,0.008055197814233958,0.16227372025564796,0.3266782423149233,0.03983164142135879,0.20964765536030697,0.17443095885014415,0.06895839758007051,0.2494083198976833,0.05344356077892355,0.13908772623947285,0.0959672449438201,0.009055829879671299,0.1487875682127767,Maine,0,0.3840786142104511,0.1649256425238906,0.20223112899170026,0.14814355611914415
24,0.1220183267817117,437605,279332,211371,350832,146246,320192,133409,121843,397492,732891,6006401,0.12063763308510371,0.06336290234368301,0.06915405747967876,0.08163757298255644,0.034341529977768716,0.11027951680215824,0.04642813558402111,0.03709942110092217,0.17547080189950687,0.3208747515620743,0.03915260029210174,0.18608327529543722,0.11878066625112844,0.08988153239216157,0.2983693862659194,0.0621883540609831,0.1361556108440183,0.05672966185004509,0.051811438424656846,0.1690259783680121,Maryland,1,0.30486394154656565,0.14661119424220664,0.2312143324289952,0.18796704926867516
25,0.12414050819922577,545772,445172,85591,370458,196388,313256,211514,182623,424840,843463,6794422,0.14273664485367557,0.09183547916217155,0.028975974703955687,0.07712694324844703,0.04389379994354192,0.09194336177529155,0.05476404026714855,0.051362573593456515,0.18602126862299692,0.32262614791890915,0.04005097396101197,0.20056061471107942,0.16359206769889376,0.03145303088787259,0.2722722463029876,0.07216877744164131,0.11511549863667225,0.07772728879458685,0.06711040716706144,0.15612045241209693,Massachusetts,1,0.36415268240997317,0.10918031968245943,0.22828922985373823,0.1822259058037337
26,0.13639613342341747,929756,597936,268157,577616,225043,667833,342233,98316,729226,1353401,9922576,0.17608129179358264,0.0921656835886165,0.06297527980637287,0.07935943246995539,0.030321360098426054,0.15115852980113229,0.0645228618052409,0.017629595379264416,0.15956521774184446,0.31657329642620463,0.04317937357763969,0.21700423931572776,0.1395577407830538,0.06258760986988803,0.2696301410189198,0.05252483988092502,0.15587163960753186,0.07987688364876316,0.022946868632808058,0.17020071225058064,Michigan,1,0.3565619800987816,0.1424644935186512,0.22272555213150566,0.17881850824033993
27,0.09532307853731989,341388,226804,105845,219337,121918,235600,134878,84664,259187,523285,5489594,0.11807193756040975,0.06948728813096196,0.045941284546726045,0.059997150973277805,0.035012971815402014,0.10754037548131974,0.047601880940557714,0.02798950159155668,0.12948134233606348,0.32291602654028734,0.030781349758859083,0.2020320941953751,0.13422172745347774,0.0626386604394691,0.2596055716342167,0.07215059949415839,0.1394271661348096,0.07982027722381514,0.0501038267981219,0.15338586124356068,Minnesota,1,0.33625382164885287,0.14245893766328424,0.22553646073771907,0.1895309929329315
28,0.2082144600884995,433683,261118,205807,293702,94259,365475,133678,17597,294538,623047,2992333,0.24249339896328384,0.11665178975735654,0.1335436263276848,0.12173110412510907,0.03866715368911147,0.2585808464499105,0.07476106436014976,0.00903542486748634,0.17194877709131973,0.3368961205091714,0.07014664383772719,0.20661201792326814,0.12439988861930934,0.0980490348312801,0.2798466293956632,0.04490616924672937,0.17411687165627066,0.06368587500996496,0.008383431398961338,0.14032159557806867,Mississippi,0,0.3310119065425775,0.16173490984124506,0.18522776482479802,0.182500303055232
29,0.14193056430392698,587881,377865,283942,396301,164926,413772,206732,34537,414275,863459,6083672,0.17032344939043392,0.09331683233415608,0.09974058430500526,0.08778612653673637,0.03663083742844782,0.16032488273529538,0.0625689550652961,0.010323206116306074,0.14167298960233227,0.3314873250117249,0.047048183098513364,0.20539070073081678,0.13201644062599416,0.09920212823158014,0.2769150222249857,0.057620958508151625,0.14456143509110092,0.07222691385413581,0.012066351236287985,0.14473717052474752,Missouri,0,0.33740714135681094,0.17142904208571597,0.20235812903289915,0.1566277863273889
30,0.1283935605726904,95127,63213,48205,47658,25414,65072,32296,1620,65531,132624,1032949,0.16641867120254727,0.10091301700277555,0.11775411951606517,0.060952670460981136,0.03535121288659943,0.15362036267037385,0.05762239955699652,0.004595580227097369,0.15135790828007967,0.32140725008890414,0.04126662123279157,0.223164962059147,0.14829571779457837,0.1130874199339954,0.22360835013854796,0.05962044788305278,0.15265687355969193,0.07576540429806691,0.003800469252008558,0.15373367318109432,Montana,0,0.37146067985372533,0.18885282423206232,0.21335412106414708,0.15645734281170048
31,0.11423116881747082,145819,87648,70897,98795,49092,94893,44511,24185,101088,216604,1896190,0.14839810356557095,0.07662786957003254,0.07895885960795068,0.07042701417052089,0.03848084843818394,0.1214245407896888,0.04446442603325616,0.023606284180382766,0.12793180008332497,0.32992702255350786,0.03768794941075526,0.2040467845766406,0.12264720355079511,0.0992072698765599,0.27649074650421696,0.06869519574566028,0.1327852442331325,0.06228493151297737,0.03384244498306841,0.14145400365716018,Nebraska,0,0.3266939881274357,0.16149220138953727,0.21014919940282045,0.1666276892162009
32,0.16352381397134746,286185,148927,175394,232967,43889,221720,73358,96540,271702,472722,2890845,0.1600677310613333,0.08444312994989354,0.12472201034645579,0.11276426096867871,0.02266015645944352,0.14278247363660107,0.0536483277380835,0.05818817681335388,0.19496513995042972,0.3198385509803097,0.0523012197113695,0.18928240414282357,0.09850013313688098,0.11600537411893144,0.308168169861741,0.02902813017951459,0.14664533307667013,0.04851889023921327,0.06385143629452343,0.17970336590112496,Nevada,1,0.28778253727970454,0.1645242643581447,0.20873149608063954,0.21049676937119355
33,0.0890983670622753,75934,63100,23412,48413,28044,41286,34918,7537,59386,118555,1330608,0.1059680987939348,0.07764119860995876,0.068773072159494,0.05603904380553852,0.03342607289299328,0.08218122843091279,0.0569980039200125,0.011692399264095812,0.1413556810119885,0.31298312290133784,0.02788628516856062,0.2046423354704083,0.17005467074278668,0.06309540335071508,0.26094633200223555,0.07557865588448034,0.11126588171611236,0.09410410448489105,0.020312235394427627,0.16004543069304486,New Hampshire,1,0.374697006213195,0.15719950783560613,0.2356240865775252,0.13157811711054
34,0.13637176012135727,701191,474760,372676,561505,218619,517342,241440,327139,710801,1221620,8958013,0.12261335186720537,0.07434762597464416,0.08974423234259651,0.08436480277490109,0.03280214038537341,0.10982949008892932,0.04877074860239654,0.06431180664730002,0.20832142127947348,0.32548396459794554,0.04438682114349937,0.17634802556901477,0.11940111698402499,0.09372721095530057,0.2824345951306552,0.05498220741833886,0.1301103982280509,0.06072163974349775,0.0822747535787281,0.17876491986132348,New Jersey,1,0.29574914255303975,0.15444885069879832,0.23374712727966235,0.212385151806779
35,0.18682716347202952,256728,151650,113996,204202,52595,216860,77343,62767,178231,389555,2085109,0.2230502098451448,0.10575993868905655,0.1118325229040784,0.12153753113146602,0.03581299586736233,0.23092222037313156,0.06511937745220993,0.046493492666330634,0.17343170069286545,0.34407032984602964,0.0642816837600193,0.19153900664312365,0.11314266600226584,0.08504986055782589,0.3047010706626402,0.03923995066527644,0.16179438542203342,0.057703878777535425,0.04682905187579439,0.13297415433069465,New Mexico,1,0.3046816726453895,0.1427537393353613,0.1722141049959711,0.2086234372978278
36,0.1728283047643815,2145509,1358064,682409,1661385,725989,1405499,636068,896182,1977315,3421273,19795791,0.1728155242697804,0.0891994161789241,0.07140144084164154,0.10902888396831427,0.0562489773709977,0.13515908508025773,0.05415772474057743,0.07687457399403742,0.23133594409033717,0.32655944823274685,0.05643871584285743,0.19203498553817505,0.12155427947396918,0.06107940001469138,0.2974063911625082,0.06498005233996881,0.12579997573485802,0.0569316228369566,0.08021327219301937,0.17698068730050376,New York,1,0.31358926501214424,0.11801102285164798,0.24196073964047257,0.2060132479278774
37,0.16443647898265842,1064051,640991,587090,825630,243295,814495,330467,195932,789607,1651403,10042802,0.18638881857871936,0.09347162276026152,0.11356063775826707,0.10462149905972457,0.03317221627987886,0.16509028058105696,0.060108224776312426,0.03089396763970852,0.16406028915037854,0.3347203053440189,0.05504022845477078,0.19249848503688013,0.11596229543722514,0.10621101392724781,0.29873102736804785,0.04401473135878614,0.14735107017437482,0.05978510132943127,0.03544624568770293,0.14284855826883844,North Carolina,0,0.3084607804741053,0.16599611525667907,0.18686328962762458,0.18279731586207776
38,0.1076363934218314,58699,50075,20811,28787,22012,37286,18623,1146,34890,81473,756928,0.1444694871903272,0.09733026126659339,0.08216105098503425,0.06004269890927539,0.04808383360108227,0.11762809672782616,0.042101758687748375,0.0051484421239536655,0.12700151137228377,0.32676607833455423,0.03517192216452706,0.22048549727678216,0.18809198242107816,0.07817038933929221,0.21625976626881985,0.08268159195312577,0.14005387232256258,0.06995181205447307,0.004304611320110945,0.13105400432693792,North Dakota,1,0.4085774796978603,0.14812220139376528,0.2137355962800637,0.14435848364267354
39,0.13139183856473668,1034892,722614,345532,693234,297447,753430,399475,99374,728013,1525909,11613423,0.17101314573661874,0.09045627632783203,0.06806528962218977,0.08236374409164292,0.03291381016604665,0.1432396804973004,0.06399034978748298,0.014371473423468688,0.14442339696056883,0.33024460465358013,0.04339144578151849,0.2053670024202497,0.14339764061071716,0.06856838305859328,0.27513477455773044,0.05902625469024402,0.1495128579924173,0.07927299012054326,0.0197200678897024,0.1444690339986909,Ohio,1,0.3487646430309669,0.14784137317913654,0.20349528868893493,0.1692329258821197
40,0.1629549785776632,418481,249077,269930,296883,106373,311536,121505,56324,275483,637372,3911338,0.18562624861364577,0.0956593370350504,0.14603186940121257,0.0987472828991,0.03737442276786102,0.18669519228458395,0.05868682277011089,0.022144084709631334,0.13312912358891,0.33371282910594186,0.054380166918050137,0.1967477892757186,0.11710292488650179,0.12690691037154547,0.27915759101867543,0.050010998321610815,0.14646786659322708,0.057125270050363545,0.026480586892034697,0.1295176393505148,Oklahoma,0,0.3138507141622204,0.18403218042190903,0.17952863767212562,0.17294845348526178
41,0.13141226668705233,351999,222170,131001,224866,91152,192197,121455,76580,304924,529457,4028977,0.16559613023355557,0.09326709981218557,0.0714600753491519,0.0832819348435099,0.031590401235847214,0.09932843994890019,0.05999513027748731,0.03227816887512636,0.20320120963708654,0.30904987623191493,0.040612944754988924,0.2151206795677636,0.13577698055838236,0.08005995512503332,0.27484922816078866,0.05570663605283193,0.11745928042660764,0.07422601239464523,0.0468011035295536,0.18635126263574825,Oregon,1,0.350897660126146,0.15428596751967855,0.2420578986885802,0.16426038395616124
42,0.1408529254006033,1170593,889524,403710,801759,390649,820650,447673,163676,863383,1803270,12802503,0.15623569859737585,0.09844481192466817,0.06701298956930532,0.08420369048146288,0.040186360432799745,0.14322855460373649,0.06306891707035726,0.02174043622563494,0.15256141709164217,0.3266284667610184,0.04600657506240316,0.1987426758706735,0.15102292599664013,0.06854167560864417,0.27224445911327905,0.06632418576414069,0.1393295337946393,0.07600569107713102,0.027788826873053535,0.1465847204974314,Pennsylvania,1,0.34976560186731365,0.1445473666857752,0.2129089062615721,0.16711836066769284
44,0.15557352186598858,108982,86344,24106,70996,36331,67527,41742,33786,80207,164332,1056298,0.16906213966134556,0.10841069470925818,0.0519929035177573,0.09553743356514922,0.047122118947493984,0.11736934084888924,0.0677498205998686,0.05245962787016543,0.18808612721031376,0.3290960908929041,0.05119863789253858,0.20151617406779324,0.15965675555329814,0.04457386441869504,0.2625542253604641,0.06717883797376627,0.12486266251560692,0.07718419682092297,0.06247293550361034,0.14830896637477284,Rhode Island,1,0.3611729296210914,0.121758061239618,0.2154878043485391,0.18733559801921726
45,0.1663682006214684,530646,351467,269011,409570,123632,451145,177814,50365,368360,814563,4896146,0.1890370507742212,0.10300714071843446,0.11157673811197624,0.10489699449321976,0.03441053432638651,0.19448460074515753,0.0681758673046106,0.01719025535594731,0.15100162454305896,0.3404549618631862,0.056640879397828935,0.19134651095346417,0.12673606164049325,0.09700311744195253,0.2953750353011624,0.04458066553257478,0.1626791150486399,0.0641182417255181,0.018161197906271267,0.1328275362008157,South Carolina,0,0.31808257259395745,0.1611213591674706,0.17740820173339047,0.18084031295491118
46,0.134464960295596,83887,51602,49169,46371,29796,58867,25835,10426,46066,115434,858469,0.1561593953887677,0.09089670098745557,0.11547767013136176,0.07680533601096837,0.04615076374336173,0.15356524230927385,0.04864473848211176,0.01662378024133661,0.1179262151574489,0.3485317306220136,0.04686530531984441,0.2085060185613446,0.12825977290643967,0.12221240986854641,0.23051563619412094,0.074059691359255,0.1463173530421957,0.06421439543114353,0.025914429524486263,0.11449972285392135,South Dakota,0,0.3367657914677843,0.18642680529968994,0.18855941421317635,0.17223178256668198
47,0.16593702800433738,717626,473080,340486,545834,159981,591674,258343,70761,515607,1095234,6600299,0.18676244818605944,0.09914293276713676,0.10544522301186658,0.10589671770930377,0.03123934233888495,0.1879480005375514,0.06900672227121832,0.018159934875677602,0.1522944642356354,0.3381577957125567,0.056112899617039524,0.1937634434024937,0.12773451603600167,0.0919333187347469,0.29475708897435926,0.04319585611303708,0.15975562704211813,0.06975420241035084,0.019105906166448625,0.13921706816981208,Tennessee,0,0.32149795943849535,0.16168752114509774,0.18241292428284916,0.17886153320856674
48,0.19022291727356042,3105372,1467813,2476278,2783438,799706,2632107,711250,1412075,2287107,5225255,27469114,0.1758772416176219,0.07323188509101532,0.1754236412575957,0.12781103897271678,0.04076356448919321,0.1786102383935645,0.04793274366257317,0.07996206211820302,0.15607176117875515,0.34776249496094946,0.06615239630980366,0.17089265629472403,0.08077565667299369,0.13627279602707393,0.3063524199043941,0.044008860321671145,0.14484826838199646,0.03914101170153606,0.07770832210677897,0.12586247008740253,Texas,0,0.25166831296771774,0.17541380772860998,0.16987133040907368,0.22255659048877544
49,0.09422350871301928,184243,83758,132951,123548,44262,93621,44992,41549,148741,282286,2995919,0.1261509406629485,0.046198512042548545,0.10892484075837831,0.06497038137546442,0.02621632961371786,0.07782853942312859,0.03675032602683851,0.02213277461773833,0.1297985693204656,0.30907382222234514,0.02912201998113331,0.21117350767701526,0.096000774281853,0.15238423722565775,0.28321363119879595,0.050731706478943844,0.10730543337999188,0.05156840942344768,0.04762215156327408,0.1704822365321175,Utah,0,0.30717428195886826,0.20395264664910542,0.22121394301106134,0.15492758494326597
50,0.11248606323537398,43326,41396,7219,30600,22384,28073,22304,850,29432,70421,626042,0.1297452886547548,0.1003015772104747,0.041650560186057804,0.06858006331843551,0.05694186652013763,0.10798955980589162,0.06175943467051731,0.003533309266790407,0.1572721957951703,0.3219950828193235,0.0362199592474939,0.1910720520642765,0.18256055641538083,0.031836521807967776,0.26989820399606984,0.0987157091216998,0.12380477582976582,0.098362901011901,0.003748586166612081,0.12979810359497265,Vermont,1,0.3736326084796573,0.13019942281986877,0.22851381271667245,0.1275533619963779
51,0.13084109696858867,678914,450449,367251,520773,209292,474501,213173,124878,554973,1096840,8382993,0.1390462809643286,0.07186025325322352,0.09455811307488865,0.08477413735165948,0.03734346432115594,0.12377345418277219,0.05052527182117413,0.028101419147075514,0.16346870383883177,0.32456914075605414,0.04246698241867439,0.19070595674205543,0.12653046999841236,0.10316027261107681,0.2925687589604293,0.05878981888495194,0.13328664187225783,0.05987998614931226,0.0350780488633824,0.15589110981804577,Virginia,0,0.3172364267404678,0.16304025876038908,0.2146809287029977,0.16836469073564023
53,0.11384798317404546,523863,320436,216547,368852,153341,295400,178526,145717,440403,816330,7170351,0.1404907514290444,0.07337158250690935,0.06613316419238054,0.07398368643320251,0.03383851083440685,0.09137223547354935,0.050639640932501076,0.038969779861543735,0.18152416806373914,0.3150115984374173,0.03586343515853225,0.203716133257658,0.12460888223934673,0.0842092636978486,0.286873106840352,0.059630162065010386,0.11487305987311983,0.06942392649596678,0.05666539494086459,0.171260799550784,Washington,1,0.3283250154970047,0.15363319019381538,0.23089096161579437,0.17153845481398441
54,0.16249034774158844,192589,157475,43301,160651,52822,146252,89396,1747,114463,299653,1844128,0.1995501396866161,0.12213414687049923,0.059624928421454476,0.108248993562269,0.034488386923250444,0.19068307622898192,0.08704818754446546,0.0028392823057835463,0.12825790834475698,0.33534926340063614,0.0544910184248549,0.1916529424480781,0.15670961016470877,0.043090540274596315,0.3197403471353628,0.052565264506240654,0.14554115831598022,0.08896150062095129,0.0017385088995570484,0.1139066652375492,West Virginia,1,0.34836255261278687,0.13205204089554762,0.16647192974378985,0.14727966721553726
55,0.1112641663448175,412251,297050,155272,280095,128198,311153,155252,61171,307839,642143,5771337,0.13682427486040064,0.08358808366241653,0.06003600205636926,0.06914532975634588,0.031075121761214082,0.13362692214992816,0.050109359408400514,0.016690586600643837,0.14022071488807533,0.32399903763191606,0.0360494828186383,0.19814642672337304,0.1427756295513606,0.07463072732435234,0.26925258346533143,0.0616177416503125,0.14955416751992764,0.07462111442217755,0.029401541946764115,0.1479613096295617,Wisconsin,0,0.34092205627473365,0.1492518417465299,0.2095790512798742,0.17895570946669176
56,0.10030591683771052,38262,25191,22787,25556,12576,23663,8996,4522,28641,58790,586107,0.12317375496283102,0.07019025536292861,0.10515315462876232,0.0649642471425866,0.02953726879221712,0.12820867179542303,0.0355105808325101,0.015335083866938971,0.12387328593584448,0.3182669227305425,0.03192405548360384,0.20449029533114482,0.13463266503807614,0.12178454758535354,0.2731667966903317,0.06721211526016616,0.12646630752236893,0.04807889542624481,0.024167715108657072,0.15307110314618472,Wyoming,0,0.33912296036922096,0.16986344301159834,0.22028321840635087,0.150634022631026
